M1BENSCSTS.SW,GSP1_BF.MODE
1701FICA007.SV,1701FIC007_SP
M1MV06.DT01,1701FIC007_SP.MODE
M1MV06.DT11,1701FIC007_SP.HIGH
M1MV06.NX11,1701FIC007_SP.LOW
M1MV06.NX02,1701FIC007_SP.MAXUP
M1MV06.NX02,1701FIC007_SP.MAXDN
1701FICA002.SV,1701FICA002_SP
M1MV02.DT01,1701FICA002_SP.MODE
M1MV02.DT11,1701FICA002_SP.HIGH
M1MV02.NX11,1701FICA002_SP.LOW
M1MV02.NX02,1701FICA002_SP.MAXUP
M1MV02.NX02,1701FICA002_SP.MAXDN
1701PIC007.SV,1701PIC007_SP
M1MV08.DT01,1701PIC007_SP.MODE
M1MV08.DT11,1701PIC007_SP.HIGH
M1MV08.NX11,1701PIC007_SP.LOW
M1MV08.NX02,1701PIC007_SP.MAXUP
M1MV08.NX02,1701PIC007_SP.MAXDN
1701TDIC016.SV,1701TDIC016_MV
M1MV04.DT01,1701TDIC016_MV.MODE
M1MV04.DT11,1701TDIC016_MV.HIGH
M1MV04.NX11,1701TDIC016_MV.LOW
M1MV04.NX02,1701TDIC016_MV.MAXUP
M1MV04.NX02,1701TDIC016_MV.MAXDN
2701FICA007.SV,2701FIC007_SP
M1MV07.DT01,2701FIC007_SP.MODE
M1MV07.DT11,2701FIC007_SP.HIGH
M1MV07.NX11,2701FIC007_SP.LOW
M1MV07.NX02,2701FIC007_SP.MAXUP
M1MV07.NX02,2701FIC007_SP.MAXDN
2701FICA002.SV,2701FICA002_SP
M1MV03.DT01,2701FICA002_SP.MODE
M1MV03.DT11,2701FICA002_SP.HIGH
M1MV03.NX11,2701FICA002_SP.LOW
M1MV03.NX02,2701FICA002_SP.MAXUP
M1MV03.NX02,2701FICA002_SP.MAXDN
2701PIC007.SV,2701PIC007_SP
M1MV09.DT01,2701PIC007_SP.MODE
M1MV09.DT11,2701PIC007_SP.HIGH
M1MV09.NX11,2701PIC007_SP.LOW
M1MV09.NX02,2701PIC007_SP.MAXUP
M1MV09.NX02,2701PIC007_SP.MAXDN
2701TDIC016.SV,2701TDIC016_MV
M1MV05.DT01,2701TDIC016_MV.MODE
M1MV05.DT11,2701TDIC016_MV.HIGH
M1MV05.NX11,2701TDIC016_MV.LOW
M1MV05.NX02,2701TDIC016_MV.MAXUP
M1MV05.NX02,2701TDIC016_MV.MAXDN
701FIC020.SV,701FIC020_SP
M1MV01.DT01,701FIC020_SP.MODE
M1MV01.DT11,701FIC020_SP.HIGH
M1MV01.NX11,701FIC020_SP.LOW
M1MV01.NX02,701FIC020_SP.MAXUP
M1MV01.NX02,701FIC020_SP.MAXDN
1701FI003CAL.PV,1701FI003_PV
M1DV03.DT02,1701FI003_PV.MODE
1701TOTCO2.PV,1701TOTCO2_PV
M1DV01.DT02,1701TOTCO2_PV.MODE
2701FI003CAL.PV,2701FI003_PV
M1DV04.DT02,2701FI003_PV.MODE
2701TOTCO2.PV,2701TOTCO2_PV
M1DV02.DT02,2701TOTCO2_PV.MODE
1701FIA011.PV,1701FIA011
M1CV08.NX01,1701FIA011.MODE
M1CV08.DT10,1701FIA011.HIGH
M1CV08.NX10,1701FIA011.LOW
M1CV08.DT14,1701FIA011.SST
M1CV08.DT01,1701FIA011.PREDERR
1701LRA006.PV,1701LRA006
M1CV06.NX01,1701LRA006.MODE
M1CV06.DT10,1701LRA006.HIGH
M1CV06.NX10,1701LRA006.LOW
M1CV06.DT14,1701LRA006.SST
M1CV06.DT01,1701LRA006.PREDERR
1701QRA0012A.PV,1701QRA0012A
M1CV01.NX01,1701QRA0012A.MODE
M1CV01.DT10,1701QRA0012A.HIGH
M1CV01.NX10,1701QRA0012A.LOW
M1CV01.DT14,1701QRA0012A.SST
M1CV01.DT01,1701QRA0012A.PREDERR
1701TI014.PV,1701TI014
M1CV10.NX01,1701TI014.MODE
M1CV10.DT10,1701TI014.HIGH
M1CV10.NX10,1701TI014.LOW
M1CV10.DT14,1701TI014.SST
M1CV10.DT01,1701TI014.PREDERR
2701FIA011.PV,2701FIA011
M1CV09.NX01,2701FIA011.MODE
M1CV09.DT10,2701FIA011.HIGH
M1CV09.NX10,2701FIA011.LOW
M1CV09.DT14,2701FIA011.SST
M1CV09.DT01,2701FIA011.PREDERR
2701LRA006.PV,2701LRA006
M1CV07.NX01,2701LRA006.MODE
M1CV07.DT10,2701LRA006.HIGH
M1CV07.NX10,2701LRA006.LOW
M1CV07.DT14,2701LRA006.SST
M1CV07.DT01,2701LRA006.PREDERR
2701QRA0013A.PV,2701QRA0013A
M1CV02.NX01,2701QRA0013A.MODE
M1CV02.DT10,2701QRA0013A.HIGH
M1CV02.NX10,2701QRA0013A.LOW
M1CV02.DT14,2701QRA0013A.SST
M1CV02.DT01,2701QRA0013A.PREDERR
2701TI014.PV,2701TI014
M1CV11.NX01,2701TI014.MODE
M1CV11.DT10,2701TI014.HIGH
M1CV11.NX10,2701TI014.LOW
M1CV11.DT14,2701TI014.SST
M1CV11.DT01,2701TI014.PREDERR
701FIC020.PV,701FIC020_PV
M1CV04.NX01,701FIC020_PV.MODE
M1CV04.DT10,701FIC020_PV.HIGH
M1CV04.NX10,701FIC020_PV.LOW
M1CV04.DT14,701FIC020_PV.SST
M1CV04.DT01,701FIC020_PV.PREDERR
701QRA0123A.PV,701QRA0123A
M1CV12.NX01,701QRA0123A.MODE
M1CV12.DT10,701QRA0123A.HIGH
M1CV12.NX10,701QRA0123A.LOW
M1CV12.DT14,701QRA0123A.SST
M1CV12.DT01,701QRA0123A.PREDERR
701QRA0123B.PV,701QRA0123B
M1CV03.NX01,701QRA0123B.MODE
M1CV03.DT10,701QRA0123B.HIGH
M1CV03.DT14,701QRA0123B.SST
M1CV03.DT01,701QRA0123B.PREDERR
703PIC001.MV,703PIC001_MV
M1CV05.NX01,703PIC001_MV.MODE
M1CV05.DT10,703PIC001_MV.HIGH
M1CV05.DT14,703PIC001_MV.SST
M1CV05.DT01,703PIC001_MV.PREDERR
