NGSP3MCSTS.SW,GSP3_C3MODE.MODE
3303TICA035.SV,3303TICA035_SV
NG3A1MV02.DT11,3303TICA035_SV.HIGH
NG3A1MV02.NX11,3303TICA035_SV.LOW
NG3A1MV02.NX02,3303TICA035_SV.MAXUP
NG3A1MV02.NX02,3303TICA035_SV.MAXDN
3303FICA042.SV,3303FICA042_SV
NG3A1MV03.DT11,3303FICA042_SV.HIGH
NG3A1MV03.NX11,3303FICA042_SV.LOW
NG3A1MV03.NX02,3303FICA042_SV.MAXUP
NG3A1MV03.NX02,3303FICA042_SV.MAXDN
3304E03BOSP.MV,3304E03BOSP_MV
NG3A2MV03.DT11,3304E03BOSP_MV.HIGH
NG3A2MV03.NX11,3304E03BOSP_MV.LOW
NG3A2MV03.NX02,3304E03BOSP_MV.MAXUP
NG3A2MV03.NX02,3304E03BOSP_MV.MAXDN
3304FICA016.SV,3304FICA016_SV
NG3A2MV01.DT11,3304FICA016_SV.HIGH
NG3A2MV01.NX11,3304FICA016_SV.LOW
NG3A2MV01.NX02,3304FICA016_SV.MAXUP
NG3A2MV01.NX02,3304FICA016_SV.MAXDN
3304TIRCA008.SV,3304TIRCA008_SV
NG3A2MV02.DT11,3304TIRCA008_SV.HIGH
NG3A2MV02.NX11,3304TIRCA008_SV.LOW
NG3A2MV02.NX02,3304TIRCA008_SV.MAXUP
NG3A2MV02.NX02,3304TIRCA008_SV.MAXDN
3304E03DOSP.MV,3304E03DOSP_MV
NG3A2MV04.DT11,3304E03DOSP_MV.HIGH
NG3A2MV04.NX11,3304E03DOSP_MV.LOW
NG3A2MV04.NX02,3304E03DOSP_MV.MAXUP
NG3A2MV04.NX02,3304E03DOSP_MV.MAXDN
3304TIC006A.SV,3304TIC006A_SV
NG3A2MV05.DT11,3304TIC006A_SV.HIGH
NG3A2MV05.NX11,3304TIC006A_SV.LOW
NG3A2MV05.NX02,3304TIC006A_SV.MAXUP
NG3A2MV05.NX02,3304TIC006A_SV.MAXDN
3304TIRC043.SV,3304TIRC043_SV
NG3A3MV02.DT11,3304TIRC043_SV.HIGH
NG3A3MV02.NX11,3304TIRC043_SV.LOW
NG3A3MV02.NX02,3304TIRC043_SV.MAXUP
NG3A3MV02.NX02,3304TIRC043_SV.MAXDN
3304FIQC060.SV,3304FIQC060_SV
NG3A3MV03.DT11,3304FIQC060_SV.HIGH
NG3A3MV03.NX11,3304FIQC060_SV.LOW
NG3A3MV03.NX02,3304FIQC060_SV.MAXUP
NG3A3MV03.NX02,3304FIQC060_SV.MAXDN
3304FICA048.SV,3304FICA048_SV
NG3A3MV01.DT11,3304FICA048_SV.HIGH
NG3A3MV01.NX11,3304FICA048_SV.LOW
NG3A3MV01.NX02,3304FICA048_SV.MAXUP
NG3A3MV01.NX02,3304FICA048_SV.MAXDN
3306QI045D.PV,3306QI045D_PV
NG3A1CV05.NX01,3306QI045D_PV.MODE
NG3A1CV05.DT10,3306QI045D_PV.HIGH
NG3A1CV05.NX10,3306QI045D_PV.LOW
GSP3RQEDB.DT03,3306QI045D_PV.PREDERR
3303TDI035.PV,3303TDI035_PV
NG3A1CV06.NX01,3303TDI035_PV.MODE
NG3A1CV06.DT10,3303TDI035_PV.HIGH
NG3A1CV06.NX10,3303TDI035_PV.LOW
3303TICA035.PV,3303TICA035_PV
NG3A1CV03.NX01,3303TICA035_PV.MODE
NG3A1CV03.DT10,3303TICA035_PV.HIGH
NG3A1CV03.NX10,3303TICA035_PV.LOW
3303FICA036.SV,3303FICA036_SV
NG3A1CV07.NX01,3303FICA036_SV.MODE
NG3A1CV07.DT10,3303FICA036_SV.HIGH
NG3A1CV07.NX10,3303FICA036_SV.LOW
3300QT-4CH4.PV,3300QT4CH4_PV
NG3A1CV01.NX01,3300QT4CH4_PV.MODE
NG3A1CV01.DT10,3300QT4CH4_PV.HIGH
NG3A1CV01.NX10,3300QT4CH4_PV.LOW
GSP3RQEDB.DT01,3300QT4CH4_PV.PREDERR
3303LICA047.MV,3303LICA047_MV
NG3A1CV04.NX01,3303LICA047_MV.MODE
NG3A1CV04.DT10,3303LICA047_MV.HIGH
NG3A1CV04.NX10,3303LICA047_MV.LOW
3303TI031A.PV,3303TI031A_PV
NG3A1CV02.NX01,3303TI031A_PV.MODE
NG3A1CV02.DT10,3303TI031A_PV.HIGH
NG3A1CV02.NX10,3303TI031A_PV.LOW
3304QI030A.PV,3304QI030A_PV
NG3A2CV09.NX01,3304QI030A_PV.MODE
NG3A2CV09.DT10,3304QI030A_PV.HIGH
NG3A2CV09.NX10,3304QI030A_PV.LOW
GSP3RQEDB.NX08,3304QI030A_PV.PREDERR
3304FI027.PV,3304FI027_PV
NG3A2CV06.NX01,3304FI027_PV.MODE
NG3A2CV06.DT10,3304FI027_PV.HIGH
NG3A2CV06.NX10,3304FI027_PV.LOW
3304TDIA003.PV,3304TDIA003_PV
NG3A2CV04.NX01,3304TDIA003_PV.MODE
NG3A2CV04.DT10,3304TDIA003_PV.HIGH
NG3A2CV04.NX10,3304TDIA003_PV.LOW
3304TI006A.PV,3304TI006A_PV
NG3A2CV03.NX01,3304TI006A_PV.MODE
NG3A2CV03.DT10,3304TI006A_PV.HIGH
NG3A2CV03.NX10,3304TI006A_PV.LOW
3304TDIA006.PV,3304TDIA006_PV
NG3A2CV08.NX01,3304TDIA006_PV.MODE
NG3A2CV08.DT10,3304TDIA006_PV.HIGH
NG3A2CV08.NX10,3304TDIA006_PV.LOW
3300QT-4C3H8.PV,3300QT4C3H8_PV
NG3A2CV01.NX01,3300QT4C3H8_PV.MODE
NG3A2CV01.DT10,3300QT4C3H8_PV.HIGH
NG3A2CV01.NX10,3300QT4C3H8_PV.LOW
GSP3RQEDB.DT04,3300QT4C3H8_PV.PREDERR
3304FICA001.SV,3304FICA001_SV
NG3A2CV07.NX01,3304FICA001_SV.MODE
NG3A2CV07.DT10,3304FICA001_SV.HIGH
NG3A2CV07.NX10,3304FICA001_SV.LOW
3304TIRCA008.PV,3304TIRCA008_PV
NG3A2CV05.NX01,3304TIRCA008_PV.MODE
NG3A2CV05.DT10,3304TIRCA008_PV.HIGH
NG3A2CV05.NX10,3304TIRCA008_PV.LOW
3300QT-5AC2H6.PV,3300QT5AC2H6_PV
NG3A2CV02.NX01,3300QT5AC2H6_PV.MODE
NG3A2CV02.DT10,3300QT5AC2H6_PV.HIGH
NG3A2CV02.NX10,3300QT5AC2H6_PV.LOW
GSP3RQEDB.DT02,3300QT5AC2H6_PV.PREDERR
3300QT-5BC3H8.PV,3300QT5BC3H8_PV
NG3A3CV03.NX01,3300QT5BC3H8_PV.MODE
NG3A3CV03.DT10,3300QT5BC3H8_PV.HIGH
NG3A3CV03.NX10,3300QT5BC3H8_PV.LOW
GSP3RQEDB.NX07,3300QT5BC3H8_PV.PREDERR
3304TIR047.PV,3304TIR047_PV
NG3A3CV08.NX01,3304TIR047_PV.MODE
NG3A3CV08.DT10,3304TIR047_PV.HIGH
NG3A3CV08.NX10,3304TIR047_PV.LOW
3304PDIA040.PV,3304PDIA040_PV
NG3A3CV07.NX01,3304PDIA040_PV.MODE
NG3A3CV07.DT10,3304PDIA040_PV.HIGH
NG3A3CV07.NX10,3304PDIA040_PV.LOW
3300GCIU.PV,3300GCIU_PV
NG3A3CV04.NX01,3300GCIU_PV.MODE
NG3A3CV04.DT10,3300GCIU_PV.HIGH
NG3A3CV04.NX10,3300GCIU_PV.LOW
GSP3RQEDB.DT07,3300GCIU_PV.PREDERR
3304TIRC043.PV,3304TIRC043_PV
NG3A3CV06.NX01,3304TIRC043_PV.MODE
NG3A3CV06.DT10,3304TIRC043_PV.HIGH
NG3A3CV06.NX10,3304TIRC043_PV.LOW
3304FICA039.SV,3304FICA039_SV
NG3A3CV09.NX01,3304FICA039_SV.MODE
NG3A3CV09.DT10,3304FICA039_SV.HIGH
NG3A3CV09.NX10,3304FICA039_SV.LOW
GSP3RQEDB.NX02,GSP3RQEDB_NX02
NG3A3CV02.NX01,GSP3RQEDB_NX02.MODE
NG3A3CV02.DT10,GSP3RQEDB_NX02.HIGH
NG3A3CV02.NX10,GSP3RQEDB_NX02.LOW
GSP3RQEDB.DT06,GSP3RQEDB_NX02.PREDERR
GSP3RQEDB.NX03,GSP3RQEDB_NX03
NG3A3CV01.NX01,GSP3RQEDB_NX03.MODE
NG3A3CV01.DT10,GSP3RQEDB_NX03.HIGH
NG3A3CV01.NX10,GSP3RQEDB_NX03.LOW
GSP3RQEDB.DT05,GSP3RQEDB_NX03.PREDERR
3304TI034A.PV,3304TI034A_PV
NG3A3CV05.NX01,3304TI034A_PV.MODE
NG3A3CV05.DT10,3304TI034A_PV.HIGH
NG3A3CV05.NX10,3304TI034A_PV.LOW
